<?xml version="1.0" encoding="UTF-8"?>
<GenRun Id="impl_1" LaunchPart="xc7z012sclg485-2" LaunchTime="1759511129">
  <File Type="PA-TCL" Name="UART_Module.tcl"/>
  <File Type="REPORTS-TCL" Name="UART_Module_reports.tcl"/>
  <File Type="INIT-TIMING" Name="UART_Module_timing_summary_init.rpt"/>
  <File Type="OPT-DCP" Name="UART_Module_opt.dcp"/>
  <File Type="OPT-DRC" Name="UART_Module_drc_opted.rpt"/>
  <File Type="OPT-UTIL" Name="UART_Module_utilization_opted.rpt"/>
  <File Type="OPT-UTIL-PB" Name="UART_Module_utilization_opted.pb"/>
  <File Type="OPT-METHODOLOGY-DRC" Name="UART_Module_methodology_drc_opted.rpt"/>
  <File Type="OPT-HWDEF" Name="UART_Module.hwdef"/>
  <File Type="OPT-TIMING" Name="UART_Module_timing_summary_opted.rpt"/>
  <File Type="OPT-RQA-PB" Name="UART_Module_rqa_opted.pb"/>
  <File Type="PWROPT-DCP" Name="UART_Module_pwropt.dcp"/>
  <File Type="PWROPT-DRC" Name="UART_Module_drc_pwropted.rpt"/>
  <File Type="PWROPT-TIMING" Name="UART_Module_timing_summary_pwropted.rpt"/>
  <File Type="PLACE-DCP" Name="UART_Module_placed.dcp"/>
  <File Type="PLACE-IO" Name="UART_Module_io_placed.rpt"/>
  <File Type="PLACE-CLK" Name="UART_Module_clock_utilization_placed.rpt"/>
  <File Type="PLACE-UTIL" Name="UART_Module_utilization_placed.rpt"/>
  <File Type="PLACE-UTIL-PB" Name="UART_Module_utilization_placed.pb"/>
  <File Type="PLACE-CTRL" Name="UART_Module_control_sets_placed.rpt"/>
  <File Type="PLACE-SIMILARITY" Name="UART_Module_incremental_reuse_placed.rpt"/>
  <File Type="PLACE-PRE-SIMILARITY" Name="UART_Module_incremental_reuse_pre_placed.rpt"/>
  <File Type="PLACE-TIMING" Name="UART_Module_timing_summary_placed.rpt"/>
  <File Type="PLACE-RQA-PB" Name="UART_Module_rqa_placed.pb"/>
  <File Type="POSTPLACE-PWROPT-DCP" Name="UART_Module_postplace_pwropt.dcp"/>
  <File Type="POSTPLACE-PWROPT-TIMING" Name="UART_Module_timing_summary_postplace_pwropted.rpt"/>
  <File Type="PHYSOPT-DCP" Name="UART_Module_physopt.dcp"/>
  <File Type="PHYSOPT-DRC" Name="UART_Module_drc_physopted.rpt"/>
  <File Type="PHYSOPT-TIMING" Name="UART_Module_timing_summary_physopted.rpt"/>
  <File Type="ROUTE-ERROR-DCP" Name="UART_Module_routed_error.dcp"/>
  <File Type="ROUTE-DCP" Name="UART_Module_routed.dcp"/>
  <File Type="ROUTE-BLACKBOX-DCP" Name="UART_Module_routed_bb.dcp"/>
  <File Type="ROUTE-UTIL" Name="UART_Module_utilization_routed.rpt"/>
  <File Type="ROUTE-UTIL-PB" Name="UART_Module_utilization_routed.pb"/>
  <File Type="ROUTE-DRC" Name="UART_Module_drc_routed.rpt"/>
  <File Type="ROUTE-DRC-PB" Name="UART_Module_drc_routed.pb"/>
  <File Type="ROUTE-DRC-RPX" Name="UART_Module_drc_routed.rpx"/>
  <File Type="ROUTE-METHODOLOGY-DRC" Name="UART_Module_methodology_drc_routed.rpt"/>
  <File Type="ROUTE-METHODOLOGY-DRC-RPX" Name="UART_Module_methodology_drc_routed.rpx"/>
  <File Type="ROUTE-METHODOLOGY-DRC-PB" Name="UART_Module_methodology_drc_routed.pb"/>
  <File Type="ROUTE-PWR" Name="UART_Module_power_routed.rpt"/>
  <File Type="ROUTE-PWR-SUM" Name="UART_Module_power_summary_routed.pb"/>
  <File Type="ROUTE-PWR-RPX" Name="UART_Module_power_routed.rpx"/>
  <File Type="ROUTE-STATUS" Name="UART_Module_route_status.rpt"/>
  <File Type="ROUTE-STATUS-PB" Name="UART_Module_route_status.pb"/>
  <File Type="ROUTE-TIMINGSUMMARY" Name="UART_Module_timing_summary_routed.rpt"/>
  <File Type="ROUTE-TIMING-PB" Name="UART_Module_timing_summary_routed.pb"/>
  <File Type="ROUTE-TIMING-RPX" Name="UART_Module_timing_summary_routed.rpx"/>
  <File Type="ROUTE-SIMILARITY" Name="UART_Module_incremental_reuse_routed.rpt"/>
  <File Type="ROUTE-CLK" Name="UART_Module_clock_utilization_routed.rpt"/>
  <File Type="ROUTE-BUS-SKEW" Name="UART_Module_bus_skew_routed.rpt"/>
  <File Type="ROUTE-BUS-SKEW-PB" Name="UART_Module_bus_skew_routed.pb"/>
  <File Type="ROUTE-BUS-SKEW-RPX" Name="UART_Module_bus_skew_routed.rpx"/>
  <File Type="ROUTE-RQS-PB" Name="UART_Module_rqs_routed.pb"/>
  <File Type="POSTROUTE-PHYSOPT-DCP" Name="UART_Module_postroute_physopt.dcp"/>
  <File Type="POSTROUTE-PHYSOPT-BLACKBOX-DCP" Name="UART_Module_postroute_physopt_bb.dcp"/>
  <File Type="POSTROUTE-PHYSOPT-TIMING" Name="UART_Module_timing_summary_postroute_physopted.rpt"/>
  <File Type="POSTROUTE-PHYSOPT-TIMING-PB" Name="UART_Module_timing_summary_postroute_physopted.pb"/>
  <File Type="POSTROUTE-PHYSOPT-TIMING-RPX" Name="UART_Module_timing_summary_postroute_physopted.rpx"/>
  <File Type="POSTROUTE-PHYSOPT-BUS-SKEW" Name="UART_Module_bus_skew_postroute_physopted.rpt"/>
  <File Type="POSTROUTE-PHYSOPT-BUS-SKEW-PB" Name="UART_Module_bus_skew_postroute_physopted.pb"/>
  <File Type="POSTROUTE-PHYSOPT-BUS-SKEW-RPX" Name="UART_Module_bus_skew_postroute_physopted.rpx"/>
  <File Type="BG-BIT" Name="UART_Module.bit"/>
  <File Type="BG-BIN" Name="UART_Module.bin"/>
  <File Type="BITSTR-MSK" Name="UART_Module.msk"/>
  <File Type="BITSTR-RBT" Name="UART_Module.rbt"/>
  <File Type="BITSTR-NKY" Name="UART_Module.nky"/>
  <File Type="BITSTR-BMM" Name="UART_Module_bd.bmm"/>
  <File Type="BITSTR-MMI" Name="UART_Module.mmi"/>
  <File Type="PDI-FILE" Name="UART_Module.pdi"/>
  <File Type="BOOT-PDI-FILE" Name="UART_Module_boot.pdi"/>
  <File Type="PL-PDI-FILE" Name="UART_Module_pld.pdi"/>
  <File Type="RCFI_FILE" Name="UART_Module.rcfi"/>
  <File Type="CFI_FILE" Name="UART_Module.cfi"/>
  <File Type="RNPI_FILE" Name="UART_Module.rnpi"/>
  <File Type="RCDO-FILE" Name="UART_Module.rcdo"/>
  <File Type="MARKER-RNPI-FILE" Name="UART_Module_markers.rnpi"/>
  <File Type="MARKER-RCDO-FILE" Name="UART_Module_markers.rcdo"/>
  <File Type="BOOT_RNPI_FILE" Name="UART_Module_boot.rnpi"/>
  <File Type="BOOT_MARKER_RNPI_FILE" Name="UART_Module_boot_markers.rnpi"/>
  <File Type="PL_RNPI_FILE" Name="UART_Module_pld.rnpi"/>
  <File Type="PL_MARKER_RNPI_FILE" Name="UART_Module_pld_markers.rnpi"/>
  <File Type="PL_MASK_RNPI_FILE" Name="UART_Module_pld_mask.rnpi"/>
  <File Type="PL_SHUTDOWN_RNPI_FILE" Name="UART_Module_pld_shutdown.rnpi"/>
  <File Type="PL_UNMASK_RNPI_FILE" Name="UART_Module_pld_unmask.rnpi"/>
  <File Type="PL-RCDO-FILE" Name="UART_Module_pld.rcdo"/>
  <File Type="PL-CLEAR-RCDO-FILE" Name="UART_Module_pld_clear.rcdo"/>
  <File Type="PL_MARKER_RCDO_FILE" Name="UART_Module_pld_markers.rcdo"/>
  <File Type="PL_MASK_RCDO_FILE" Name="UART_Module_pld_mask.rcdo"/>
  <File Type="PL_UNMASK_MARKER_RCDO_FILE" Name="UART_Module_pld_unmask_markers.rcdo"/>
  <File Type="PL_UNMASK_RCDO_FILE" Name="UART_Module_pld_unmask.rcdo"/>
  <File Type="NPI_FILE" Name="UART_Module.npi"/>
  <File Type="RBD_FILE" Name="UART_Module.rbd"/>
  <File Type="MMI-FILE" Name="UART_Module.mmi"/>
  <File Type="BIF-FILE" Name="UART_Module.bif"/>
  <File Type="BOOT-BIF-FILE" Name="UART_Module_boot.bif"/>
  <File Type="PL-BIF-FILE" Name="UART_Module_pld.bif"/>
  <File Type="LTX-FILE" Name="UART_Module.ltx"/>
  <File Type="BOOT-LTX-FILE" Name="UART_Module_boot.ltx"/>
  <File Type="PL-LTX-FILE" Name="UART_Module_pld.ltx"/>
  <File Type="BITSTR-LTX" Name="debug_nets.ltx"/>
  <File Type="BITSTR-LTX" Name="UART_Module.ltx"/>
  <File Type="BITSTR-SYSDEF" Name="UART_Module.sysdef"/>
  <File Type="BG-BGN" Name="UART_Module.bgn"/>
  <File Type="BG-DRC" Name="UART_Module.drc"/>
  <File Type="RDI-RDI" Name="UART_Module.vdi"/>
  <File Type="WBT-USG" Name="usage_statistics_webtalk.html"/>
  <File Type="ROUTE-RQS" Name="UART_Module_routed.rqs"/>
  <File Type="POSTROUTE-PHYSOPT-RQS" Name="UART_Module_postroute_physopted.rqs"/>
  <File Type="ROUTE-RQS-RPT" Name="route_report_qor_suggestions_0.rpt"/>
  <File Type="POSTROUTE-PHYSOPT-RQS-RPT" Name="postroute_physopt_report_qor_suggestions_0.rpt"/>
  <FileSet Name="sources" Type="DesignSrcs" RelSrcDir="$PSRCDIR/sources_1" RelGenDir="$PGENDIR/sources_1">
    <Filter Type="Srcs"/>
    <File Path="$PSRCDIR/sources_1/new/Baud_Rate_Module.v">
      <FileInfo>
        <Attr Name="UsedIn" Val="synthesis"/>
        <Attr Name="UsedIn" Val="implementation"/>
        <Attr Name="UsedIn" Val="simulation"/>
      </FileInfo>
    </File>
    <File Path="$PSRCDIR/sources_1/new/Receiver.v">
      <FileInfo>
        <Attr Name="UsedIn" Val="synthesis"/>
        <Attr Name="UsedIn" Val="implementation"/>
        <Attr Name="UsedIn" Val="simulation"/>
      </FileInfo>
    </File>
    <File Path="$PSRCDIR/sources_1/new/Transmitter.v">
      <FileInfo>
        <Attr Name="UsedIn" Val="synthesis"/>
        <Attr Name="UsedIn" Val="implementation"/>
        <Attr Name="UsedIn" Val="simulation"/>
      </FileInfo>
    </File>
    <File Path="$PSRCDIR/sources_1/new/UART_Module.v">
      <FileInfo>
        <Attr Name="UsedIn" Val="synthesis"/>
        <Attr Name="UsedIn" Val="implementation"/>
        <Attr Name="UsedIn" Val="simulation"/>
      </FileInfo>
    </File>
    <File Path="$PSRCDIR/sources_1/new/Parity_rx.v">
      <FileInfo>
        <Attr Name="UsedIn" Val="synthesis"/>
        <Attr Name="UsedIn" Val="implementation"/>
        <Attr Name="UsedIn" Val="simulation"/>
      </FileInfo>
    </File>
    <File Path="$PSRCDIR/sources_1/new/Parity_tx.v">
      <FileInfo>
        <Attr Name="UsedIn" Val="synthesis"/>
        <Attr Name="UsedIn" Val="implementation"/>
        <Attr Name="UsedIn" Val="simulation"/>
      </FileInfo>
    </File>
    <Config>
      <Option Name="DesignMode" Val="RTL"/>
      <Option Name="TopModule" Val="UART_Module"/>
    </Config>
  </FileSet>
  <FileSet Name="constrs_in" Type="Constrs" RelSrcDir="$PSRCDIR/constrs_1" RelGenDir="$PGENDIR/constrs_1">
    <Filter Type="Constrs"/>
    <File Path="$PSRCDIR/constrs_1/new/Synth_constraints.xdc">
      <FileInfo>
        <Attr Name="UsedIn" Val="synthesis"/>
        <Attr Name="UsedIn" Val="implementation"/>
      </FileInfo>
    </File>
    <Config>
      <Option Name="TargetConstrsFile" Val="$PSRCDIR/constrs_1/new/Synth_constraints.xdc"/>
      <Option Name="ConstrsType" Val="XDC"/>
    </Config>
  </FileSet>
  <FileSet Name="utils" Type="Utils" RelSrcDir="$PSRCDIR/utils_1" RelGenDir="$PGENDIR/utils_1">
    <Filter Type="Utils"/>
    <File Path="$PSRCDIR/utils_1/imports/synth_1/UART_Module.dcp">
      <FileInfo>
        <Attr Name="UsedIn" Val="synthesis"/>
        <Attr Name="UsedIn" Val="implementation"/>
        <Attr Name="UsedInSteps" Val="synth_1"/>
        <Attr Name="UsedInSteps" Val="synth_1_copy_1"/>
        <Attr Name="AutoDcp" Val="1"/>
      </FileInfo>
    </File>
    <Config>
      <Option Name="TopAutoSet" Val="TRUE"/>
    </Config>
  </FileSet>
  <Strategy Version="1" Minor="2">
    <StratHandle Name="Vivado Implementation Defaults" Flow="Vivado Implementation 2025"/>
    <Step Id="init_design"/>
    <Step Id="opt_design"/>
    <Step Id="power_opt_design"/>
    <Step Id="place_design"/>
    <Step Id="post_place_power_opt_design"/>
    <Step Id="phys_opt_design"/>
    <Step Id="route_design"/>
    <Step Id="post_route_phys_opt_design"/>
    <Step Id="write_bitstream"/>
  </Strategy>
</GenRun>
